{
  "hash": "3d9c5fe7",
  "browserHash": "cf24ac42",
  "optimized": {
    "@angular/common": {
      "src": "../../../../../node_modules/@angular/common/fesm2022/common.mjs",
      "file": "@angular_common.js",
      "fileHash": "4af3b8b3",
      "needsInterop": false
    },
    "@angular/core": {
      "src": "../../../../../node_modules/@angular/core/fesm2022/core.mjs",
      "file": "@angular_core.js",
      "fileHash": "82d0bc2d",
      "needsInterop": false
    },
    "@angular/platform-browser": {
      "src": "../../../../../node_modules/@angular/platform-browser/fesm2022/platform-browser.mjs",
      "file": "@angular_platform-browser.js",
      "fileHash": "d9d27b54",
      "needsInterop": false
    },
    "@angular/router": {
      "src": "../../../../../node_modules/@angular/router/fesm2022/router.mjs",
      "file": "@angular_router.js",
      "fileHash": "e7f65599",
      "needsInterop": false
    }
  },
  "chunks": {
    "chunk-YILGS5XA": {
      "file": "chunk-YILGS5XA.js"
    },
    "chunk-3E3P3467": {
      "file": "chunk-3E3P3467.js"
    },
    "chunk-IW6SK4KA": {
      "file": "chunk-IW6SK4KA.js"
    }
  }
}